model_id,estimator,feature_set,fit_days,metric,mean,se,t,p,ci_low,ci_high,n,calendar_days,missing_days,hac_lags,target
ols_core_raw_fit504_val126,ols,core,504,rank_ic,0.03476880305975505,0.0019521871133846387,17.810179578264925,5.892048163662076e-71,0.030942586626437948,0.038595019493072154,2266,2266,0,5,raw
ols_core_raw_fit504_val126,ols,core,504,ew_spread_bp,26.981663511121383,3.3938700422633183,7.950116879881393,1.863356301230587e-15,20.329800460075848,33.63352656216692,2266,2266,0,5,raw
ols_core_raw_fit504_val126,ols,core,504,cap_spread_bp,-2.1240905220326582,1.6640577294985681,-1.2764524237225305,0.20179563467794048,-5.385583740045347,1.1374026959800307,2266,2266,0,5,raw
ridge_core_raw_fit504_val126,ridge,core,504,rank_ic,0.034647970966093566,0.0019490519112038856,17.776833324409658,1.0684700620019951e-70,0.03082789941613499,0.03846804251605214,2266,2266,0,5,raw
ridge_core_raw_fit504_val126,ridge,core,504,ew_spread_bp,27.420989758333217,3.335643785178271,8.220598938105054,2.024893589431281e-16,20.883248074128943,33.95873144253749,2266,2266,0,5,raw
ridge_core_raw_fit504_val126,ridge,core,504,cap_spread_bp,-2.2110968767590418,1.6257268628610864,-1.36006664297087,0.17380883570966688,-5.397462976666059,0.9752692231479752,2266,2266,0,5,raw
lasso_core_raw_fit504_val126,lasso,core,504,rank_ic,0.03499380970747456,0.001968174824640567,17.77982792451642,1.0129039407207917e-70,0.03113625793590061,0.0388513614790485,2266,2266,0,5,raw
lasso_core_raw_fit504_val126,lasso,core,504,ew_spread_bp,27.791157860793028,3.3592042127988764,8.273137356432862,1.3047923397061974e-16,21.207238586992005,34.37507713459405,2266,2266,0,5,raw
lasso_core_raw_fit504_val126,lasso,core,504,cap_spread_bp,-2.4010325917837103,1.6341230480202629,-1.4693095447693225,0.1417488491182304,-5.6038549122102435,0.8017897286428224,2266,2266,0,5,raw
enet_core_raw_fit504_val126,enet,core,504,rank_ic,0.03499654157885338,0.0019680828104687784,17.782047276007425,9.735902077782193e-71,0.031139170151742206,0.03885391300596456,2266,2266,0,5,raw
enet_core_raw_fit504_val126,enet,core,504,ew_spread_bp,27.79252574953636,3.3588782743818313,8.274347409821305,1.291610603895193e-16,21.209245303293926,34.37580619577879,2266,2266,0,5,raw
enet_core_raw_fit504_val126,enet,core,504,cap_spread_bp,-2.400408324236097,1.6341903685730266,-1.4688670123127279,0.1418688635837757,-5.603362590521465,0.8025459420492713,2266,2266,0,5,raw
ols_all_raw_fit504_val126,ols,all,504,rank_ic,0.03282250606822043,0.0017769202028014885,18.471570088782006,3.497619076078149e-76,0.029339806467327905,0.03630520566911296,2266,2266,0,5,raw
ols_all_raw_fit504_val126,ols,all,504,ew_spread_bp,27.45177552695212,3.3776880004155534,8.12738640264428,4.386453743430181e-16,20.83162869512452,34.071922358779716,2266,2266,0,5,raw
ols_all_raw_fit504_val126,ols,all,504,cap_spread_bp,-1.0580493371142294,1.7609261934508562,-0.6008482019571693,0.5479410958651818,-4.50940125571112,2.393302581482661,2266,2266,0,5,raw
ridge_all_raw_fit504_val126,ridge,all,504,rank_ic,0.0345102803005425,0.00182770729091412,18.881732579445107,1.6121004840788587e-79,0.03092803983606955,0.038092520765015445,2266,2266,0,5,raw
ridge_all_raw_fit504_val126,ridge,all,504,ew_spread_bp,25.9006468077547,3.358523852593287,7.711913907580407,1.2394473672882577e-14,19.318061015453146,32.483232600056255,2266,2266,0,5,raw
ridge_all_raw_fit504_val126,ridge,all,504,cap_spread_bp,-0.8412905287667154,1.7144062757385126,-0.4907182974492518,0.6236257032709637,-4.201465084083645,2.5188840265502144,2266,2266,0,5,raw
lasso_all_raw_fit504_val126,lasso,all,504,rank_ic,0.03339128474720482,0.00185476003429345,18.003021485162016,1.8447476662876746e-72,0.029756021880025383,0.03702654761438426,2266,2266,0,5,raw
lasso_all_raw_fit504_val126,lasso,all,504,ew_spread_bp,25.882365593012572,3.284304922939758,7.880621988608004,3.2575541444869887e-15,19.44524622980305,32.3194849562221,2266,2266,0,5,raw
lasso_all_raw_fit504_val126,lasso,all,504,cap_spread_bp,-1.167967233786285,1.7768165964392504,-0.6573369677697165,0.5109642713210192,-4.650463769940256,2.3145293023676854,2266,2266,0,5,raw
enet_all_raw_fit504_val126,enet,all,504,rank_ic,0.033451501080161115,0.001855065608554789,18.032516438177034,1.082509755813678e-72,0.02981563929843485,0.03708736286188738,2266,2266,0,5,raw
enet_all_raw_fit504_val126,enet,all,504,ew_spread_bp,26.074072527273895,3.283966547732193,7.939810637011468,2.024901540016688e-15,19.63761636728446,32.51052868726333,2266,2266,0,5,raw
enet_all_raw_fit504_val126,enet,all,504,cap_spread_bp,-1.0801929448485301,1.7742132464900215,-0.608829263892324,0.5426376143476606,-4.557587008862858,2.397201119165797,2266,2266,0,5,raw
ols_textcore_raw_fit504_val126,ols,textcore,504,rank_ic,0.039211623249958916,0.0019217059076296558,20.404591094963546,1.5222976579804228e-92,0.03544514888212694,0.042978097617790895,2266,2266,0,5,raw
ols_textcore_raw_fit504_val126,ols,textcore,504,ew_spread_bp,21.045711541548012,3.5533171877361696,5.9228350382523285,3.16438232842573e-09,14.08133782793797,28.010085255158053,2266,2266,0,5,raw
ols_textcore_raw_fit504_val126,ols,textcore,504,cap_spread_bp,3.2473451782718628,2.4396513227722756,1.3310693819073176,0.18316618246906025,-1.5342835491973,8.028973905741026,2266,2266,0,5,raw
ridge_textcore_raw_fit504_val126,ridge,textcore,504,rank_ic,0.040438211241487526,0.0020917343952260694,19.332383372276606,2.8685548641572912e-83,0.03633848716162076,0.04453793532135429,2266,2266,0,5,raw
ridge_textcore_raw_fit504_val126,ridge,textcore,504,ew_spread_bp,20.024859043601204,3.5704331577772903,5.608523716508202,2.0405973908035713e-08,13.026938645150098,27.02277944205231,2266,2266,0,5,raw
ridge_textcore_raw_fit504_val126,ridge,textcore,504,cap_spread_bp,1.9595400779490033,2.3594569061908377,0.830504711829016,0.40625348493160296,-2.66491048125934,6.5839906371573464,2266,2266,0,5,raw
lasso_textcore_raw_fit504_val126,lasso,textcore,504,rank_ic,0.040343165324675447,0.0020553162067507053,19.628690316442768,8.795267030621869e-86,0.03631481958260258,0.04437151106674831,2266,2266,0,5,raw
lasso_textcore_raw_fit504_val126,lasso,textcore,504,ew_spread_bp,23.339391219916312,3.640936186578136,6.410271980584035,1.45260259197468e-10,16.203287424214558,30.475495015618066,2266,2266,0,5,raw
lasso_textcore_raw_fit504_val126,lasso,textcore,504,cap_spread_bp,3.2256082160157384,2.289631860658768,1.4087890160157335,0.15889756399889265,-1.261987768730878,7.713204200762355,2266,2266,0,5,raw
enet_textcore_raw_fit504_val126,enet,textcore,504,rank_ic,0.04033676980553017,0.0020573581560714023,19.606100030028145,1.3715436503257954e-85,0.03630442191633049,0.04436911769472986,2266,2266,0,5,raw
enet_textcore_raw_fit504_val126,enet,textcore,504,ew_spread_bp,23.13966246288701,3.641690698772519,6.354098790072025,2.0965207319218546e-10,16.00207985045837,30.27724507531565,2266,2266,0,5,raw
enet_textcore_raw_fit504_val126,enet,textcore,504,cap_spread_bp,3.1324280954118793,2.296910220835466,1.3637573062270176,0.1726439613850569,-1.369433213147576,7.6342894039713345,2266,2266,0,5,raw
ols_textall_raw_fit504_val126,ols,textall,504,rank_ic,0.03896663309197567,0.0017919202206777755,21.74574104489816,7.579862373477893e-105,0.03545453399627817,0.042478732187673174,2266,2266,0,5,raw
ols_textall_raw_fit504_val126,ols,textall,504,ew_spread_bp,26.58212358614978,3.576373037144028,7.4327043935487715,1.0639950702536251e-13,19.572561238067358,33.5916859342322,2266,2266,0,5,raw
ols_textall_raw_fit504_val126,ols,textall,504,cap_spread_bp,5.392912055025033,2.3495162640221183,2.29532867578152,0.021714295436725154,0.7879447964505806,9.997879313599487,2266,2266,0,5,raw
ridge_textall_raw_fit504_val126,ridge,textall,504,rank_ic,0.04142170399660831,0.0020316257687624443,20.388451767788,2.1174117338751737e-92,0.03743979065977042,0.045403617333446195,2266,2266,0,5,raw
ridge_textall_raw_fit504_val126,ridge,textall,504,ew_spread_bp,26.964574618646928,3.7889024204569552,7.116724482810751,1.1052210401553847e-12,19.53846233361466,34.390686903679196,2266,2266,0,5,raw
ridge_textall_raw_fit504_val126,ridge,textall,504,cap_spread_bp,3.859424721509563,2.1579704715619905,1.7884511268201086,0.07370325397736686,-0.370119682452855,8.08896912547198,2266,2266,0,5,raw
lasso_textall_raw_fit504_val126,lasso,textall,504,rank_ic,0.04005479315365806,0.001890209259614575,21.190666033360493,1.1643859823936492e-99,0.03635005108156937,0.04375953522574674,2266,2266,0,5,raw
lasso_textall_raw_fit504_val126,lasso,textall,504,ew_spread_bp,27.463413511261376,3.682802980113492,7.457204107729663,8.837774327400555e-14,20.24525230808215,34.6815747144406,2266,2266,0,5,raw
lasso_textall_raw_fit504_val126,lasso,textall,504,cap_spread_bp,4.5013520360223405,2.1504813059521286,2.093183522945976,0.036332775035194276,0.2864861269295078,8.716217945115172,2266,2266,0,5,raw
enet_textall_raw_fit504_val126,enet,textall,504,rank_ic,0.040044641813078374,0.0018887663695940288,21.201479684163143,9.25407625707829e-100,0.03634272775346361,0.04374655587269314,2266,2266,0,5,raw
enet_textall_raw_fit504_val126,enet,textall,504,ew_spread_bp,27.308553434923592,3.689997796906589,7.400696406327664,1.3547213497847957e-13,20.076290649954533,34.540816219892655,2266,2266,0,5,raw
enet_textall_raw_fit504_val126,enet,textall,504,cap_spread_bp,4.569626657417077,2.151188176047696,2.1242338110154058,0.033650597283305266,0.35337530839518383,8.78587800643897,2266,2266,0,5,raw
ols_core_raw_fit252_val126,ols,core,252,rank_ic,0.03515580411257737,0.001940355273432444,18.118230508574626,2.2883705201695986e-73,0.03135277765943741,0.03895883056571733,2266,2266,0,5,raw
ols_core_raw_fit252_val126,ols,core,252,ew_spread_bp,27.18049842302912,3.320919601316289,8.184630068206342,2.7314138908096386e-16,20.67161560889608,33.689381237162166,2266,2266,0,5,raw
ols_core_raw_fit252_val126,ols,core,252,cap_spread_bp,-1.9836489141012668,1.6827659919428313,-1.1788025926356238,0.23847679173197633,-5.281809652718035,1.3145118245155012,2266,2266,0,5,raw
ridge_core_raw_fit252_val126,ridge,core,252,rank_ic,0.035073072671551846,0.0019342744205733088,18.132418181467948,1.7681004323849753e-73,0.03128196447101108,0.03886418087209261,2266,2266,0,5,raw
ridge_core_raw_fit252_val126,ridge,core,252,ew_spread_bp,28.36930005159878,3.260580555584096,8.700689821330528,3.298727694194573e-18,21.978679593962354,34.75992050923521,2266,2266,0,5,raw
ridge_core_raw_fit252_val126,ridge,core,252,cap_spread_bp,-1.8443424088194398,1.6165093751206892,-1.140941362422807,0.25389432529431766,-5.012642564727338,1.3239577470884591,2266,2266,0,5,raw
lasso_core_raw_fit252_val126,lasso,core,252,rank_ic,0.035654807592673386,0.001962578711726217,18.16732617124571,9.365226236005779e-74,0.031808224000864985,0.03950139118448179,2266,2266,0,5,raw
lasso_core_raw_fit252_val126,lasso,core,252,ew_spread_bp,27.862075992740532,3.3368318944648303,8.349859050124287,6.834447670734973e-17,21.322005657124905,34.40214632835616,2266,2266,0,5,raw
lasso_core_raw_fit252_val126,lasso,core,252,cap_spread_bp,-2.375273302558041,1.6222661187133343,-1.4641699503913317,0.14314751848528331,-5.554856468575755,0.8043098634596739,2266,2266,0,5,raw
enet_core_raw_fit252_val126,enet,core,252,rank_ic,0.03567276315883229,0.001962770747608577,18.17469676593442,8.187995591093378e-74,0.031825803183610724,0.03951972313405386,2266,2266,0,5,raw
enet_core_raw_fit252_val126,enet,core,252,ew_spread_bp,27.87519012618657,3.337053454991782,8.353234523255551,6.641859033257407e-17,21.33468553991772,34.41569471245542,2266,2266,0,5,raw
enet_core_raw_fit252_val126,enet,core,252,cap_spread_bp,-2.3712562856087374,1.622164675813995,-1.4617851818397238,0.1438000859926096,-5.55064062719726,0.8081280559797852,2266,2266,0,5,raw
ols_all_raw_fit252_val126,ols,all,252,rank_ic,0.032601922578028616,0.0016677974741331396,19.547890606426243,4.299335663369788e-85,0.02933309959522079,0.03587074556083644,2266,2266,0,5,raw
ols_all_raw_fit252_val126,ols,all,252,ew_spread_bp,27.49370629931489,3.2575069931893528,8.440106608150797,3.1704835944951895e-17,21.109109913276395,33.87830268535338,2266,2266,0,5,raw
ols_all_raw_fit252_val126,ols,all,252,cap_spread_bp,-0.6820814470337953,1.861225949832177,-0.36646891103968177,0.714015206896315,-4.330017275796216,2.965854381728625,2266,2266,0,5,raw
ridge_all_raw_fit252_val126,ridge,all,252,rank_ic,0.03458638247140912,0.0018375825758648683,18.821675240978408,5.017286443921934e-79,0.030984786804095634,0.0381879781387226,2266,2266,0,5,raw
ridge_all_raw_fit252_val126,ridge,all,252,ew_spread_bp,27.31781987159704,3.325376769444792,8.214954805304076,2.1224417929504141e-16,20.800201168459093,33.83543857473499,2266,2266,0,5,raw
ridge_all_raw_fit252_val126,ridge,all,252,cap_spread_bp,-0.4802625855557075,1.796516151016566,-0.2673299570860796,0.7892151233896133,-4.001369539192697,3.0408443680812822,2266,2266,0,5,raw
lasso_all_raw_fit252_val126,lasso,all,252,rank_ic,0.03389204789022675,0.0017611210365341284,19.24458750258643,1.567058379293476e-82,0.03044031408620401,0.03734378169424949,2266,2266,0,5,raw
lasso_all_raw_fit252_val126,lasso,all,252,ew_spread_bp,27.02670713626863,3.2444078884309437,8.330243318863108,8.067637030313447e-17,20.667784523786334,33.38562974875093,2266,2266,0,5,raw
lasso_all_raw_fit252_val126,lasso,all,252,cap_spread_bp,0.27285823906963036,1.8048276970522399,0.1511824311624206,0.8798318088951921,-3.2645390454531276,3.810255523592388,2266,2266,0,5,raw
enet_all_raw_fit252_val126,enet,all,252,rank_ic,0.033898555027616836,0.0017640881598618,19.215907571349764,2.7242845231398345e-82,0.03044100576873417,0.0373561042864995,2266,2266,0,5,raw
enet_all_raw_fit252_val126,enet,all,252,ew_spread_bp,26.9144658568631,3.2404415906107653,8.30580188047463,9.914755109040623e-17,20.563317045260312,33.265614668465886,2266,2266,0,5,raw
enet_all_raw_fit252_val126,enet,all,252,cap_spread_bp,0.2886907015429067,1.798869526589961,0.16048451389921822,0.8724994196343296,-3.2370287834600338,3.8144101865458473,2266,2266,0,5,raw
ols_textcore_raw_fit252_val126,ols,textcore,252,rank_ic,0.037876842651950834,0.0018259407516579547,20.743741338572267,1.3963126585355246e-95,0.03429806454079725,0.04145562076310442,2266,2266,0,5,raw
ols_textcore_raw_fit252_val126,ols,textcore,252,ew_spread_bp,21.660253340246292,3.3313289624146893,6.501985719400709,7.926662703400596e-11,15.130968553258313,28.18953812723427,2266,2266,0,5,raw
ols_textcore_raw_fit252_val126,ols,textcore,252,cap_spread_bp,2.240345854771295,2.1272805029275963,1.0531501847960796,0.29227216539039236,-1.9290473159810464,6.409739025523637,2266,2266,0,5,raw
ridge_textcore_raw_fit252_val126,ridge,textcore,252,rank_ic,0.0398923840985438,0.0020273987036528796,19.676634904948603,3.4196827758250896e-86,0.03591875565708096,0.04386601254000664,2266,2266,0,5,raw
ridge_textcore_raw_fit252_val126,ridge,textcore,252,ew_spread_bp,18.625792733656375,3.4770227428290337,5.356822233064183,8.469837855657843e-08,11.810953384284794,25.440632083027957,2266,2266,0,5,raw
ridge_textcore_raw_fit252_val126,ridge,textcore,252,cap_spread_bp,3.0059192069675498,2.4047000395459217,1.2500183630117776,0.21129283943608457,-1.7072062641645007,7.7190446780996,2266,2266,0,5,raw
lasso_textcore_raw_fit252_val126,lasso,textcore,252,rank_ic,0.03986594797163187,0.0020595562642622537,19.35657144375811,1.7943789580217357e-83,0.035829291869544,0.04390260407371974,2266,2266,0,5,raw
lasso_textcore_raw_fit252_val126,lasso,textcore,252,ew_spread_bp,23.406280900549923,3.5833679644679854,6.5319222398152466,6.493086755457035e-11,16.38300874683807,30.429553054261778,2266,2266,0,5,raw
lasso_textcore_raw_fit252_val126,lasso,textcore,252,cap_spread_bp,1.4204165474843946,2.44512613616345,0.5809174939797231,0.5612960613427679,-3.371942617053547,6.212775712022337,2266,2266,0,5,raw
enet_textcore_raw_fit252_val126,enet,textcore,252,rank_ic,0.03988078008603844,0.0020624988506569935,19.336146574498557,2.666738022505716e-83,0.03583835662059547,0.0439232035514814,2266,2266,0,5,raw
enet_textcore_raw_fit252_val126,enet,textcore,252,ew_spread_bp,23.298224917491176,3.58515064132605,6.498534440626404,8.110622900139684e-11,16.27145878134144,30.32499105364091,2266,2266,0,5,raw
enet_textcore_raw_fit252_val126,enet,textcore,252,cap_spread_bp,1.2754445558391132,2.4280971858529754,0.5252856282978877,0.5993846465944996,-3.483538479395776,6.034427591074003,2266,2266,0,5,raw
ols_textall_raw_fit252_val126,ols,textall,252,rank_ic,0.03747111935834331,0.0016640505603244722,22.518017331779173,2.764634692235112e-112,0.03420964019165365,0.04073259852503297,2266,2266,0,5,raw
ols_textall_raw_fit252_val126,ols,textall,252,ew_spread_bp,27.477704666567785,3.3210458427367215,8.273810711364547,1.297440854117445e-16,20.96857442379734,33.98683490933823,2266,2266,0,5,raw
ols_textall_raw_fit252_val126,ols,textall,252,cap_spread_bp,1.9062506612443308,2.164241909644247,0.8807937101438331,0.37842948476077687,-2.335585535490583,6.148086857979244,2266,2266,0,5,raw
ridge_textall_raw_fit252_val126,ridge,textall,252,rank_ic,0.040831743068055995,0.002008802558139286,20.32640933406498,7.51012509288083e-92,0.036894562402051065,0.044768923734060925,2266,2266,0,5,raw
ridge_textall_raw_fit252_val126,ridge,textall,252,ew_spread_bp,26.881242594791797,3.7275523664397894,7.2114996523754415,5.533898941997781e-13,19.57537420608276,34.18711098350084,2266,2266,0,5,raw
ridge_textall_raw_fit252_val126,ridge,textall,252,cap_spread_bp,2.745092934489751,2.184575723539092,1.256579437787856,0.2089059643105895,-1.5365968051473988,7.026782674126901,2266,2266,0,5,raw
lasso_textall_raw_fit252_val126,lasso,textall,252,rank_ic,0.03866015903134283,0.0017969018697986342,21.514897213432803,1.129294046702013e-102,0.03513829608278483,0.042182021979900834,2266,2266,0,5,raw
lasso_textall_raw_fit252_val126,lasso,textall,252,ew_spread_bp,26.471854405928962,3.5024971031564207,7.5579946610299125,4.0933084346598644e-14,19.607086227786507,33.33662258407142,2266,2266,0,5,raw
lasso_textall_raw_fit252_val126,lasso,textall,252,cap_spread_bp,1.6558925026878737,2.175787889390012,0.7610541959364006,0.4466246972037514,-2.608573398514969,5.920358403890717,2266,2266,0,5,raw
enet_textall_raw_fit252_val126,enet,textall,252,rank_ic,0.03864165472114421,0.0018023325615280545,21.43980281218635,5.68540799348536e-102,0.0351091478123854,0.04217416162990302,2266,2266,0,5,raw
enet_textall_raw_fit252_val126,enet,textall,252,ew_spread_bp,26.23267756546821,3.4880038393859953,7.520828179502817,5.4430343061773466e-14,19.39631566233423,33.06903946860219,2266,2266,0,5,raw
enet_textall_raw_fit252_val126,enet,textall,252,cap_spread_bp,2.23387994390262,2.169280281608001,1.0297793064558416,0.3031136169764137,-2.0178312804219685,6.4855911682272085,2266,2266,0,5,raw
nn3_core_raw_fit504_val126,nn3,core,504,rank_ic,0.03410520372039676,0.001871520996859171,18.223254656310502,3.374722059480685e-74,0.030437089970242283,0.03777331747055123,2266,2266,0,5,raw
nn3_core_raw_fit504_val126,nn3,core,504,ew_spread_bp,28.003519067900342,3.4030193347691546,8.229021440396833,1.887489963991895e-16,21.333723733059344,34.67331440274134,2266,2266,0,5,raw
nn3_core_raw_fit504_val126,nn3,core,504,cap_spread_bp,-2.968477672455051,1.7825765962235072,-1.6652735589280956,0.09585819121568166,-6.462263600737122,0.5253082558270212,2266,2266,0,5,raw
nn3_all_raw_fit504_val126,nn3,all,504,rank_ic,0.034695761795732805,0.0019531208543914025,17.764267744990153,1.3367318714544295e-70,0.030867715263671557,0.038523808327794055,2266,2266,0,5,raw
nn3_all_raw_fit504_val126,nn3,all,504,ew_spread_bp,29.89967937298965,3.4015489986968186,8.790018719249565,1.4953504952702416e-18,23.2327658438956,36.5665929020837,2266,2266,0,5,raw
nn3_all_raw_fit504_val126,nn3,all,504,cap_spread_bp,0.12253182657278615,1.8007283351839156,0.0680457036070749,0.9457492523525168,-3.406830856328459,3.6518945094740314,2266,2266,0,5,raw
nn3_textcore_raw_fit504_val126,nn3,textcore,504,rank_ic,0.03997320321465655,0.0020413506424854207,19.58174278476121,2.2131736281776743e-85,0.03597222947556743,0.04397417695374567,2266,2266,0,5,raw
nn3_textcore_raw_fit504_val126,nn3,textcore,504,ew_spread_bp,24.703644618278847,3.7490886987884715,6.589239840140858,4.420841454444474e-11,17.35556579380731,32.05172344275039,2266,2266,0,5,raw
nn3_textcore_raw_fit504_val126,nn3,textcore,504,cap_spread_bp,4.549174357095237,2.5827574582548434,1.7613633609131427,0.07817692220785744,-0.5129372418864682,9.61128595607694,2266,2266,0,5,raw
nn3_textall_raw_fit504_val126,nn3,textall,504,rank_ic,0.04171723897333931,0.0020434713448139927,20.414888165283582,1.2331330953562995e-92,0.037712108734064255,0.04572236921261436,2266,2266,0,5,raw
nn3_textall_raw_fit504_val126,nn3,textall,504,ew_spread_bp,29.743500390923163,3.8396938174187056,7.746320880063998,9.459329091667331e-15,22.217838797121388,37.26916198472494,2266,2266,0,5,raw
nn3_textall_raw_fit504_val126,nn3,textall,504,cap_spread_bp,4.851827167659674,2.5105446380193355,1.9325795264438976,0.05328801655488777,-0.06874990443837081,9.77240423975772,2266,2266,0,5,raw
nn3_core_raw_fit252_val126,nn3,core,252,rank_ic,0.03393479359843196,0.001842794006503752,18.41485997819956,9.984723448524833e-76,0.030322983714758337,0.03754660348210558,2266,2266,0,5,raw
nn3_core_raw_fit252_val126,nn3,core,252,ew_spread_bp,27.133346105841046,3.3261723089161648,8.15752871043607,3.419488015849705e-16,20.614168173990926,33.652524037691165,2266,2266,0,5,raw
nn3_core_raw_fit252_val126,nn3,core,252,cap_spread_bp,-3.589586118089311,1.7890305486508866,-2.0064420480668868,0.04480910592320255,-7.096021560686982,-0.08315067549164024,2266,2266,0,5,raw
nn3_all_raw_fit252_val126,nn3,all,252,rank_ic,0.031137809994883664,0.0016712522578396394,18.63142433993433,1.7870467508772412e-77,0.027862215760436723,0.034413404229330605,2266,2266,0,5,raw
nn3_all_raw_fit252_val126,nn3,all,252,ew_spread_bp,29.21345740179685,3.1953197419091675,9.1425771945884,6.09814131990032e-20,22.950745788565058,35.47616901502864,2266,2266,0,5,raw
nn3_all_raw_fit252_val126,nn3,all,252,cap_spread_bp,-0.5661509135459352,1.7044309995621354,-0.3321641730826171,0.7397652950758471,-3.9067742868213253,2.7744724597294548,2266,2266,0,5,raw
nn3_textcore_raw_fit252_val126,nn3,textcore,252,rank_ic,0.036279796517919745,0.0017733010067334997,20.45890482222686,5.00499193403119e-93,0.03280419041097347,0.03975540262486602,2266,2266,0,5,raw
nn3_textcore_raw_fit252_val126,nn3,textcore,252,ew_spread_bp,18.816909509296355,3.476298193732585,5.4129158261570725,6.200664302458734e-08,12.003490250058846,25.630328768533865,2266,2266,0,5,raw
nn3_textcore_raw_fit252_val126,nn3,textcore,252,cap_spread_bp,7.877724093480932,2.2811428653665793,3.453411100674303,0.0005535447197405603,3.4067662337719353,12.348681953189928,2266,2266,0,5,raw
nn3_textall_raw_fit252_val126,nn3,textall,252,rank_ic,0.03775780555765935,0.001686810843738027,22.384137319147673,5.618213365978373e-111,0.03445171705520119,0.041063894060117505,2266,2266,0,5,raw
nn3_textall_raw_fit252_val126,nn3,textall,252,ew_spread_bp,26.480653697044318,3.420968719622898,7.740688637446339,9.887977788980251e-15,19.775678214345334,33.1856291797433,2266,2266,0,5,raw
nn3_textall_raw_fit252_val126,nn3,textall,252,cap_spread_bp,5.105180404261909,2.4135875984938817,2.115183392327515,0.03441431985001661,0.3746356376813802,9.835725170842437,2266,2266,0,5,raw
ols_core_dgtw_fit504_val126,ols,core,504,rank_ic,0.032986273758893146,0.0015915730086782304,20.725580026195335,2.0365871880352335e-95,0.02986684798311776,0.03610569953466853,2266,2266,0,5,dgtw
ols_core_dgtw_fit504_val126,ols,core,504,ew_spread_bp,23.539589716940807,2.865177479367349,8.215752736594352,2.1083749520209546e-16,17.923945048065548,29.155234385816065,2266,2266,0,5,dgtw
ols_core_dgtw_fit504_val126,ols,core,504,cap_spread_bp,-1.330855662112452,0.9176648970750461,-1.4502632348196005,0.14698512726753027,-3.1294458102561977,0.46773448603129375,2266,2266,0,5,dgtw
ridge_core_dgtw_fit504_val126,ridge,core,504,rank_ic,0.033018271227002564,0.0015813295334306684,20.88006992152355,8.127284850605162e-97,0.029918922293788928,0.036117620160216204,2266,2266,0,5,dgtw
ridge_core_dgtw_fit504_val126,ridge,core,504,ew_spread_bp,24.99289927696813,2.8129232537723783,8.885027077596392,6.390520269917824e-19,19.479671008299047,30.506127545637217,2266,2266,0,5,dgtw
ridge_core_dgtw_fit504_val126,ridge,core,504,cap_spread_bp,-0.7736845497968154,0.8661455861742414,-0.8932500057111349,0.37172330439408063,-2.4712987040666627,0.9239296044730316,2266,2266,0,5,dgtw
lasso_core_dgtw_fit504_val126,lasso,core,504,rank_ic,0.033575580702578725,0.0015990092557008728,20.99774005864774,6.878040612216381e-98,0.030441580150458815,0.036709581254698635,2266,2266,0,5,dgtw
lasso_core_dgtw_fit504_val126,lasso,core,504,ew_spread_bp,25.327480783767754,2.8342200693492745,8.936314105482586,4.0236714587098646e-19,19.772511523582562,30.882450043952947,2266,2266,0,5,dgtw
lasso_core_dgtw_fit504_val126,lasso,core,504,cap_spread_bp,-1.2075453031420151,0.8618423404907394,-1.401120885351757,0.1611779271153292,-2.896725250855571,0.4816346445715405,2266,2266,0,5,dgtw
enet_core_dgtw_fit504_val126,enet,core,504,rank_ic,0.03357495466008269,0.0015990334805958382,20.99703043589297,6.98152715655436e-98,0.030440906628041116,0.03670900269212426,2266,2266,0,5,dgtw
enet_core_dgtw_fit504_val126,enet,core,504,ew_spread_bp,25.313090734268844,2.8347777631677,8.92947978609192,4.2801671141063225e-19,19.757028414285138,30.86915305425255,2266,2266,0,5,dgtw
enet_core_dgtw_fit504_val126,enet,core,504,cap_spread_bp,-1.206774535354614,0.8617878252046833,-1.400315135651856,0.1614189703583837,-2.8958476350708926,0.48229856436166485,2266,2266,0,5,dgtw
ols_all_dgtw_fit504_val126,ols,all,504,rank_ic,0.029618455092386975,0.001479238057868528,20.02277789895763,3.4872555747720516e-89,0.026719201774403685,0.032517708410370265,2266,2266,0,5,dgtw
ols_all_dgtw_fit504_val126,ols,all,504,ew_spread_bp,23.05772550087186,2.8764638699673672,8.01599691260278,1.0924725039675518e-15,17.419959912905114,28.695491088838608,2266,2266,0,5,dgtw
ols_all_dgtw_fit504_val126,ols,all,504,cap_spread_bp,1.614420114850512,1.0614525593190143,1.5209536221630664,0.1282714761285575,-0.46598867271262123,3.6948289024136454,2266,2266,0,5,dgtw
ridge_all_dgtw_fit504_val126,ridge,all,504,rank_ic,0.03171618529581315,0.0015167469139738088,20.91066413494007,4.282307720570147e-97,0.028743415970762215,0.03468895462086409,2266,2266,0,5,dgtw
ridge_all_dgtw_fit504_val126,ridge,all,504,ew_spread_bp,22.41324183127324,2.961453384299215,7.568325049484785,3.7806703551726735e-14,16.608899856152522,28.217583806393957,2266,2266,0,5,dgtw
ridge_all_dgtw_fit504_val126,ridge,all,504,cap_spread_bp,0.13847344238873285,0.9868005498880855,0.14032566398999,0.888402688006023,-1.7956200953162356,2.0725669800937014,2266,2266,0,5,dgtw
lasso_all_dgtw_fit504_val126,lasso,all,504,rank_ic,0.03074473058709375,0.0015581823564590465,19.731150503437117,1.1648887816380825e-86,0.027690749287088267,0.033798711887099236,2266,2266,0,5,dgtw
lasso_all_dgtw_fit504_val126,lasso,all,504,ew_spread_bp,22.440618475428423,2.9130419902758566,7.703499829504127,1.3238928304204742e-14,16.731161089034863,28.150075861821982,2266,2266,0,5,dgtw
lasso_all_dgtw_fit504_val126,lasso,all,504,cap_spread_bp,0.6741995620619297,0.9304333881645551,0.7246080919257507,0.468692493249386,-1.1494163687541745,2.4978154928780336,2266,2266,0,5,dgtw
enet_all_dgtw_fit504_val126,enet,all,504,rank_ic,0.030754446284797607,0.0015540172535956798,19.79028624916363,3.609857989962958e-87,0.027708628436396227,0.03380026413319899,2266,2266,0,5,dgtw
enet_all_dgtw_fit504_val126,enet,all,504,ew_spread_bp,22.69217936268003,2.9165779198265307,7.780412519899243,7.228843936750705e-15,16.97579168171528,28.40856704364478,2266,2266,0,5,dgtw
enet_all_dgtw_fit504_val126,enet,all,504,cap_spread_bp,0.7276294725075007,0.9307840131172552,0.7817382574831974,0.43436841315031205,-1.0966736705879767,2.5519326156029782,2266,2266,0,5,dgtw
ols_textcore_dgtw_fit504_val126,ols,textcore,504,rank_ic,0.03489248286051206,0.0013647058658060934,25.567767923311482,3.484161224476771e-144,0.032217708514041564,0.037567257206982556,2266,2266,0,5,dgtw
ols_textcore_dgtw_fit504_val126,ols,textcore,504,ew_spread_bp,17.038292538137643,2.7768117664743266,6.135919165947244,8.466820345464452e-10,11.595841484000916,22.480743592274372,2266,2266,0,5,dgtw
ols_textcore_dgtw_fit504_val126,ols,textcore,504,cap_spread_bp,2.1333798641536,2.0088259580303687,1.0620033336513408,0.28823417180227484,-1.8038466647950928,6.070606393102293,2266,2266,0,5,dgtw
ridge_textcore_dgtw_fit504_val126,ridge,textcore,504,rank_ic,0.03630434252482248,0.0014630261362922662,24.814554999562922,6.244265626068951e-136,0.03343686398924885,0.039171821060396114,2266,2266,0,5,dgtw
ridge_textcore_dgtw_fit504_val126,ridge,textcore,504,ew_spread_bp,16.589484607944673,2.752014814204042,6.028123294366352,1.6587449280991076e-09,11.195634687184063,21.983334528705285,2266,2266,0,5,dgtw
ridge_textcore_dgtw_fit504_val126,ridge,textcore,504,cap_spread_bp,0.733643384125149,2.0586189900712166,0.35637647746549206,0.72155864279539,-3.301175694304655,4.768462462554953,2266,2266,0,5,dgtw
lasso_textcore_dgtw_fit504_val126,lasso,textcore,504,rank_ic,0.03627256866596616,0.0014891625892997345,24.35769534273824,4.805054299454084e-131,0.03335386362381427,0.039191273708118056,2266,2266,0,5,dgtw
lasso_textcore_dgtw_fit504_val126,lasso,textcore,504,ew_spread_bp,19.6093061412848,2.8594138075512485,6.857806341110825,6.9925961854012955e-12,14.004958061587809,25.213654220981795,2266,2266,0,5,dgtw
lasso_textcore_dgtw_fit504_val126,lasso,textcore,504,cap_spread_bp,1.6589634417257966,2.080048576205083,0.7975599515817416,0.42512589931121225,-2.417856853729984,5.735783737181577,2266,2266,0,5,dgtw
enet_textcore_dgtw_fit504_val126,enet,textcore,504,rank_ic,0.0363320321549467,0.0014861388950761232,24.447265511535985,5.380927899260199e-132,0.033419253444573346,0.03924481086532006,2266,2266,0,5,dgtw
enet_textcore_dgtw_fit504_val126,enet,textcore,504,ew_spread_bp,19.481898238184193,2.857043880228796,6.818900603173114,9.17398440396001e-12,13.882195130685187,25.0816013456832,2266,2266,0,5,dgtw
enet_textcore_dgtw_fit504_val126,enet,textcore,504,cap_spread_bp,1.8627251082857683,2.0666966904679063,0.901305506936309,0.3674259066038674,-2.1879259719994524,5.913376188570989,2266,2266,0,5,dgtw
ols_textall_dgtw_fit504_val126,ols,textall,504,rank_ic,0.034137440166766786,0.0012850833567063622,26.564378091597284,1.752114073788371e-155,0.031618723070490476,0.036656157263043096,2266,2266,0,5,dgtw
ols_textall_dgtw_fit504_val126,ols,textall,504,ew_spread_bp,22.470345648680365,2.8378418773125054,7.918110529103984,2.411469576355902e-15,16.90827777532832,28.03241352203241,2266,2266,0,5,dgtw
ols_textall_dgtw_fit504_val126,ols,textall,504,cap_spread_bp,4.042983797272647,1.7199976520854243,2.3505751838502222,0.018744420443091752,0.6718503456917606,7.4141172488535325,2266,2266,0,5,dgtw
ridge_textall_dgtw_fit504_val126,ridge,textall,504,rank_ic,0.037179468626383105,0.0014640307710973926,25.395278132381407,2.843706398702707e-142,0.03431002104277381,0.0400489162099924,2266,2266,0,5,dgtw
ridge_textall_dgtw_fit504_val126,ridge,textall,504,ew_spread_bp,22.731944583316366,2.9672337692373554,7.66098876973855,1.8450699375905544e-14,16.916273261900116,28.547615904732616,2266,2266,0,5,dgtw
ridge_textall_dgtw_fit504_val126,ridge,textall,504,cap_spread_bp,2.196660875973752,1.4009347970922614,1.5679965124237585,0.1168819462680886,-0.5491208710160089,4.9424426229635126,2266,2266,0,5,dgtw
lasso_textall_dgtw_fit504_val126,lasso,textall,504,rank_ic,0.03570764223860067,0.0013906398577328309,25.677131314799986,2.1051759958874374e-145,0.03298203820197842,0.038433246275222925,2266,2266,0,5,dgtw
lasso_textall_dgtw_fit504_val126,lasso,textall,504,ew_spread_bp,23.051805204816613,2.8928073145779734,7.968662512933255,1.604008350389486e-15,17.382007054029756,28.72160335560347,2266,2266,0,5,dgtw
lasso_textall_dgtw_fit504_val126,lasso,textall,504,cap_spread_bp,2.4542352538831835,1.5713983081044778,1.5618161488563906,0.11833130635688122,-0.6256488353687684,5.534119343135135,2266,2266,0,5,dgtw
enet_textall_dgtw_fit504_val126,enet,textall,504,rank_ic,0.035707662263398464,0.0013913441835609966,25.664147437630078,2.9394067174501636e-145,0.03298067777351962,0.038434646753277305,2266,2266,0,5,dgtw
enet_textall_dgtw_fit504_val126,enet,textall,504,ew_spread_bp,23.15145721174011,2.891209363383745,8.007533976939206,1.1703141784955092e-15,17.48479098774299,28.818123435737228,2266,2266,0,5,dgtw
enet_textall_dgtw_fit504_val126,enet,textall,504,cap_spread_bp,2.498083879073195,1.581909515282154,1.5791572494761998,0.11429999296329757,-0.6024017976810412,5.5985695558274315,2266,2266,0,5,dgtw
ols_core_dgtw_fit252_val126,ols,core,252,rank_ic,0.03248150479193561,0.001598261410389375,20.3230238688065,8.046413920366342e-92,0.029348969989692244,0.03561403959417898,2266,2266,0,5,dgtw
ols_core_dgtw_fit252_val126,ols,core,252,ew_spread_bp,23.242990599339613,2.8346478077554944,8.19960438674167,2.4117941363434714e-16,17.687182987283425,28.798798211395802,2266,2266,0,5,dgtw
ols_core_dgtw_fit252_val126,ols,core,252,cap_spread_bp,-1.1991529351738013,0.907126721856877,-1.3219243863957069,0.18619333098762325,-2.9770886394271634,0.5787827690795608,2266,2266,0,5,dgtw
ridge_core_dgtw_fit252_val126,ridge,core,252,rank_ic,0.03284220135432337,0.0015759993984371904,20.838968204487077,1.9193091623460875e-96,0.029753299293729687,0.03593110341491705,2266,2266,0,5,dgtw
ridge_core_dgtw_fit252_val126,ridge,core,252,ew_spread_bp,24.74827454853175,2.7961391750767017,8.850873650755554,8.683682337905445e-19,19.26794246961988,30.22860662744362,2266,2266,0,5,dgtw
ridge_core_dgtw_fit252_val126,ridge,core,252,cap_spread_bp,-0.965747876200773,0.8338751566929326,-1.1581444397874074,0.24680509725338295,-2.600113150921615,0.668617398520069,2266,2266,0,5,dgtw
lasso_core_dgtw_fit252_val126,lasso,core,252,rank_ic,0.03338858140794482,0.0015980981747683674,20.892697291756964,6.239405894519051e-97,0.030256366541639622,0.03652079627425001,2266,2266,0,5,dgtw
lasso_core_dgtw_fit252_val126,lasso,core,252,ew_spread_bp,25.212704784669526,2.7768536812284927,9.079594274306636,1.0898032748186993e-19,19.770171579124213,30.65523799021484,2266,2266,0,5,dgtw
lasso_core_dgtw_fit252_val126,lasso,core,252,cap_spread_bp,-1.1407643065086712,0.8420140831522053,-1.354804307118059,0.17547991398482365,-2.791081583962508,0.5095529709451654,2266,2266,0,5,dgtw
enet_core_dgtw_fit252_val126,enet,core,252,rank_ic,0.03338685777321902,0.0015981581817038752,20.89083430879392,6.487613486578475e-97,0.030254525295481408,0.03651919025095664,2266,2266,0,5,dgtw
enet_core_dgtw_fit252_val126,enet,core,252,ew_spread_bp,25.223212077366366,2.777893579267759,9.079977816866224,1.0859698296947274e-19,19.778640709116498,30.667783445616234,2266,2266,0,5,dgtw
enet_core_dgtw_fit252_val126,enet,core,252,cap_spread_bp,-1.1337475814195197,0.8416965177836739,-1.346979056542689,0.17798697797224572,-2.7834424421882975,0.5159472793492583,2266,2266,0,5,dgtw
ols_all_dgtw_fit252_val126,ols,all,252,rank_ic,0.029323343295619662,0.001388050350529145,21.12556168041107,4.630860261882466e-99,0.026602814599854342,0.03204387199138498,2266,2266,0,5,dgtw
ols_all_dgtw_fit252_val126,ols,all,252,ew_spread_bp,23.585420100722338,2.7973953195629173,8.431207393457523,3.421168113587538e-17,18.102626023858104,29.068214177586572,2266,2266,0,5,dgtw
ols_all_dgtw_fit252_val126,ols,all,252,cap_spread_bp,0.08777030697572608,1.0742618869820961,0.08170289576436297,0.9348829755739329,-2.01774430147322,2.1932849154246723,2266,2266,0,5,dgtw
ridge_all_dgtw_fit252_val126,ridge,all,252,rank_ic,0.03138644803404145,0.0015049994552514172,20.85479029545442,1.3790137592714064e-96,0.02843670330499627,0.03433619276308662,2266,2266,0,5,dgtw
ridge_all_dgtw_fit252_val126,ridge,all,252,ew_spread_bp,22.061947827183342,2.865747679812708,7.698496271180862,1.3767675116174864e-14,16.44518558597121,27.678710068395475,2266,2266,0,5,dgtw
ridge_all_dgtw_fit252_val126,ridge,all,252,cap_spread_bp,0.22614102397501581,0.9798295530960925,0.23079628825283863,0.8174730649430912,-1.6942896110813022,2.1465716590313337,2266,2266,0,5,dgtw
lasso_all_dgtw_fit252_val126,lasso,all,252,rank_ic,0.03088788446458267,0.0014875299003252432,20.764546956554717,9.05773751418306e-96,0.027972379434018736,0.0338033894951466,2266,2266,0,5,dgtw
lasso_all_dgtw_fit252_val126,lasso,all,252,ew_spread_bp,23.4241097049919,2.8453013835196654,8.232558364701616,1.8325681162317965e-16,17.847421468131365,29.000797941852433,2266,2266,0,5,dgtw
lasso_all_dgtw_fit252_val126,lasso,all,252,cap_spread_bp,0.08516526088388741,1.027950962716319,0.08284953657598768,0.933971179995483,-1.9295816039133737,2.0999121256811484,2266,2266,0,5,dgtw
enet_all_dgtw_fit252_val126,enet,all,252,rank_ic,0.030914183805510722,0.0014894589382256093,20.75531121545301,1.0976927157792277e-95,0.027994897930137257,0.03383346968088419,2266,2266,0,5,dgtw
enet_all_dgtw_fit252_val126,enet,all,252,ew_spread_bp,23.705528315173527,2.8413371376006973,8.343088893418372,7.237471911465642e-17,18.136609857540034,29.27444677280702,2266,2266,0,5,dgtw
enet_all_dgtw_fit252_val126,enet,all,252,cap_spread_bp,0.15250497763673132,1.0168063084320758,0.1499842953097875,0.8807770056254828,-1.840398766143263,2.1454087214167257,2266,2266,0,5,dgtw
ols_textcore_dgtw_fit252_val126,ols,textcore,252,rank_ic,0.03390104719898962,0.001312310238565607,25.83310424830979,3.767569476484272e-147,0.03132896639485786,0.03647312800312138,2266,2266,0,5,dgtw
ols_textcore_dgtw_fit252_val126,ols,textcore,252,ew_spread_bp,18.835027902972737,2.572956483072718,7.320383390425346,2.472634959757266e-13,13.792125862361369,23.877929943584107,2266,2266,0,5,dgtw
ols_textcore_dgtw_fit252_val126,ols,textcore,252,cap_spread_bp,2.6715086949911995,1.7592348998250067,1.5185628111725944,0.12887257795866167,-0.7765283490117434,6.119545738994143,2266,2266,0,5,dgtw
ridge_textcore_dgtw_fit252_val126,ridge,textcore,252,rank_ic,0.035645700376259935,0.0014226812581790522,25.05529623823422,1.5285885675080426e-138,0.032857296348748864,0.038434104403771006,2266,2266,0,5,dgtw
ridge_textcore_dgtw_fit252_val126,ridge,textcore,252,ew_spread_bp,13.83657262230054,2.675881014160183,5.170847488763661,2.3303470203688564e-07,8.591942207632066,19.081203036969015,2266,2266,0,5,dgtw
ridge_textcore_dgtw_fit252_val126,ridge,textcore,252,cap_spread_bp,2.7720451490771545,1.9481804704966277,1.4228893016110096,0.1547682480652126,-1.0463184084805333,6.590408706634842,2266,2266,0,5,dgtw
lasso_textcore_dgtw_fit252_val126,lasso,textcore,252,rank_ic,0.03582844149359588,0.0014778228884509059,24.244069958310245,7.636508224276926e-130,0.032931961856703156,0.03872492113048861,2266,2266,0,5,dgtw
lasso_textcore_dgtw_fit252_val126,lasso,textcore,252,ew_spread_bp,18.939134683749675,2.826785825189967,6.699883137583272,2.0858628187593663e-11,13.398736274369002,24.47953309313035,2266,2266,0,5,dgtw
lasso_textcore_dgtw_fit252_val126,lasso,textcore,252,cap_spread_bp,1.3995894857526214,1.8354747120710744,0.7625218024242797,0.44574863574658696,-2.19787484444071,4.997053815945953,2266,2266,0,5,dgtw
enet_textcore_dgtw_fit252_val126,enet,textcore,252,rank_ic,0.035836283612225586,0.0014805376355892888,24.204912290501756,1.9749457515546274e-129,0.032934483168714494,0.03873808405573668,2266,2266,0,5,dgtw
enet_textcore_dgtw_fit252_val126,enet,textcore,252,ew_spread_bp,19.013758176661295,2.823638655852815,6.733778820193487,1.653124154346666e-11,13.479528105834689,24.5479882474879,2266,2266,0,5,dgtw
enet_textcore_dgtw_fit252_val126,enet,textcore,252,cap_spread_bp,1.4126494214289638,1.839656596834111,0.7678875632876324,0.44255398671455004,-2.193011252287416,5.018310095145344,2266,2266,0,5,dgtw
ols_textall_dgtw_fit252_val126,ols,textall,252,rank_ic,0.033032787033374506,0.001214359726646096,27.20181368712447,6.181829682213296e-163,0.030652685704872253,0.03541288836187676,2266,2266,0,5,dgtw
ols_textall_dgtw_fit252_val126,ols,textall,252,ew_spread_bp,23.442530838745412,2.684002000238368,8.73417040548534,2.4545085220070803e-18,18.181983583844747,28.703078093646077,2266,2266,0,5,dgtw
ols_textall_dgtw_fit252_val126,ols,textall,252,cap_spread_bp,2.5603098331296414,1.5315992483180523,1.671657802092344,0.09459181966802306,-0.44156953232235985,5.562189198581643,2266,2266,0,5,dgtw
ridge_textall_dgtw_fit252_val126,ridge,textall,252,rank_ic,0.0367916913874613,0.0014424797460435216,25.505863419139644,1.69706943826831e-143,0.033964483036787514,0.03961889973813509,2266,2266,0,5,dgtw
ridge_textall_dgtw_fit252_val126,ridge,textall,252,ew_spread_bp,22.389714052698558,2.8935690478859435,7.73775005267512,1.0119153087923656e-14,16.718422932062253,28.061005173334863,2266,2266,0,5,dgtw
ridge_textall_dgtw_fit252_val126,ridge,textall,252,cap_spread_bp,2.369341546877735,1.3869531806426323,1.7083067979121846,0.08757943060815525,-0.34903673542509983,5.087719829180569,2266,2266,0,5,dgtw
lasso_textall_dgtw_fit252_val126,lasso,textall,252,rank_ic,0.03450004381736211,0.001346237285131297,25.62701553314753,7.628723748743148e-145,0.03186146722385979,0.03713862041086443,2266,2266,0,5,dgtw
lasso_textall_dgtw_fit252_val126,lasso,textall,252,ew_spread_bp,22.841782544091856,2.821724309101554,8.094973158935131,5.727698040243592e-16,17.311304523951645,28.372260564232068,2266,2266,0,5,dgtw
lasso_textall_dgtw_fit252_val126,lasso,textall,252,cap_spread_bp,1.1335920558874484,1.3364130065551956,0.8482348273528492,0.3963072049698222,-1.485729305431626,3.752913417206523,2266,2266,0,5,dgtw
enet_textall_dgtw_fit252_val126,enet,textall,252,rank_ic,0.03463274596703616,0.001348852328595358,25.675713517951475,2.183344934587943e-145,0.03198904398252627,0.03727644795154605,2266,2266,0,5,dgtw
enet_textall_dgtw_fit252_val126,enet,textall,252,ew_spread_bp,23.016722043855534,2.820968628940775,8.159155620421739,3.3737474105214006e-16,17.48772512961428,28.54571895809679,2266,2266,0,5,dgtw
enet_textall_dgtw_fit252_val126,enet,textall,252,cap_spread_bp,1.158237491410242,1.33544615878988,0.8673037724409524,0.38577559025964214,-1.459188883110281,3.775663865930765,2266,2266,0,5,dgtw
nn3_core_dgtw_fit504_val126,nn3,core,504,rank_ic,0.031626218336599655,0.0015340459836379646,20.616212730206822,1.9633983508523397e-94,0.028619543458040922,0.03463289321515839,2266,2266,0,5,dgtw
nn3_core_dgtw_fit504_val126,nn3,core,504,ew_spread_bp,23.66728761054063,2.843534697317789,8.323192832099144,8.562497807137187e-17,18.094062015007758,29.2405132060735,2266,2266,0,5,dgtw
nn3_core_dgtw_fit504_val126,nn3,core,504,cap_spread_bp,-0.7140285926419846,1.0263832434763975,-0.6956744443951985,0.48663273332118995,-2.7257027841911294,1.29764559890716,2266,2266,0,5,dgtw
nn3_all_dgtw_fit504_val126,nn3,all,504,rank_ic,0.03144411584955104,0.0015439141511329629,20.36649241570625,3.315946312673651e-92,0.028418099718108707,0.03447013198099338,2266,2266,0,5,dgtw
nn3_all_dgtw_fit504_val126,nn3,all,504,ew_spread_bp,25.81425427960694,2.9168305857311716,8.850104084168466,8.74377110553795e-19,20.097371382568973,31.531137176644904,2266,2266,0,5,dgtw
nn3_all_dgtw_fit504_val126,nn3,all,504,cap_spread_bp,0.9648311091235775,1.1663495909342363,0.8272229155160554,0.4081107255077929,-1.3211720824905502,3.250834300737705,2266,2266,0,5,dgtw
nn3_textcore_dgtw_fit504_val126,nn3,textcore,504,rank_ic,0.03589658006407613,0.0014350611274759374,25.013972838364708,4.308140799384753e-138,0.03308391193860985,0.03870924818954241,2266,2266,0,5,dgtw
nn3_textcore_dgtw_fit504_val126,nn3,textcore,504,ew_spread_bp,20.60233057433277,2.952461071932056,6.978019378541999,2.993703746381495e-12,14.815613207589417,26.38904794107612,2266,2266,0,5,dgtw
nn3_textcore_dgtw_fit504_val126,nn3,textcore,504,cap_spread_bp,3.214668940150667,1.9462801987333624,1.651698939465536,0.09859593898880993,-0.5999701531901822,7.029308033491517,2266,2266,0,5,dgtw
nn3_textall_dgtw_fit504_val126,nn3,textall,504,rank_ic,0.036285957316376224,0.0014900553589540485,24.35208671834,5.509618022812944e-131,0.033365502477855385,0.03920641215489706,2266,2266,0,5,dgtw
nn3_textall_dgtw_fit504_val126,nn3,textall,504,ew_spread_bp,24.749210438821393,3.001354346882494,8.246014158417646,1.6376527595470992e-16,18.86666401408897,30.631756863553818,2266,2266,0,5,dgtw
nn3_textall_dgtw_fit504_val126,nn3,textall,504,cap_spread_bp,3.5096047692582393,1.9559132441586347,1.7943560532348397,0.07275635660811884,-0.32391474617758176,7.34312428469406,2266,2266,0,5,dgtw
nn3_core_dgtw_fit252_val126,nn3,core,252,rank_ic,0.032096329610311,0.0015353217551017757,20.905278977293822,4.793885126960688e-97,0.0290871542656307,0.03510550495499131,2266,2266,0,5,dgtw
nn3_core_dgtw_fit252_val126,nn3,core,252,ew_spread_bp,23.94364673339665,2.8953799293893807,8.26960444477704,1.3440418618767541e-16,18.26880635023334,29.61848711655996,2266,2266,0,5,dgtw
nn3_core_dgtw_fit252_val126,nn3,core,252,cap_spread_bp,-0.24140599716383904,1.0434939417201727,-0.23134393743186232,0.8170476151973465,-2.2866165410211154,1.8038045466934376,2266,2266,0,5,dgtw
nn3_all_dgtw_fit252_val126,nn3,all,252,rank_ic,0.027091833934981605,0.0013377955647381804,20.25110162499585,3.4738403281119933e-91,0.024469802809417348,0.029713865060545862,2266,2266,0,5,dgtw
nn3_all_dgtw_fit252_val126,nn3,all,252,ew_spread_bp,23.907179321795294,2.6905501269583034,8.885610077379463,6.357094908300261e-19,18.63379797435735,29.180560669233238,2266,2266,0,5,dgtw
nn3_all_dgtw_fit252_val126,nn3,all,252,cap_spread_bp,1.3065419601929982,1.108066681986279,1.1791185326960105,0.2383509799296435,-0.8652288289689061,3.4783127493549024,2266,2266,0,5,dgtw
nn3_textcore_dgtw_fit252_val126,nn3,textcore,252,rank_ic,0.031249655503997605,0.0012608270932672396,24.78504441320255,1.2996840480628185e-135,0.028778479810461492,0.03372083119753372,2266,2266,0,5,dgtw
nn3_textcore_dgtw_fit252_val126,nn3,textcore,252,ew_spread_bp,15.25031729246503,2.6637261580604146,5.725182089877253,1.033228583932837e-08,10.02950995798937,20.471124626940693,2266,2266,0,5,dgtw
nn3_textcore_dgtw_fit252_val126,nn3,textcore,252,cap_spread_bp,4.111035940395335,1.623649731971456,2.5319721732122997,0.011342299207566152,0.9287409422231696,7.2933309385675,2266,2266,0,5,dgtw
nn3_textall_dgtw_fit252_val126,nn3,textall,252,rank_ic,0.032582654357174515,0.0011890526918323788,27.402195530093213,2.582191746995647e-165,0.03025215390546265,0.03491315480888638,2266,2266,0,5,dgtw
nn3_textall_dgtw_fit252_val126,nn3,textall,252,ew_spread_bp,22.46524506583416,2.7373369605013798,8.206971005030871,2.268383188303746e-16,17.100163209701115,27.830326921967206,2266,2266,0,5,dgtw
nn3_textall_dgtw_fit252_val126,nn3,textall,252,cap_spread_bp,4.155431926204744,1.7850012488527147,2.32797143916599,0.019913620290588376,0.656893766094405,7.653970086315083,2266,2266,0,5,dgtw
